Date,Name,Year,Letterboxd URI
2013-11-06,Gravity,2013,http://letterboxd.com/film/gravity-2013/
2013-11-06,All Is Lost,2013,http://letterboxd.com/film/all-is-lost/
2013-11-06,Captain Phillips,2013,http://letterboxd.com/film/captain-phillips/
2013-11-06,Moon,2009,http://letterboxd.com/film/moon/
2013-11-06,Matchstick Men,2003,http://letterboxd.com/film/matchstick-men/
2013-11-06,Iron Man 2,2010,http://letterboxd.com/film/iron-man-2/
2013-11-06,Frost/Nixon,2008,http://letterboxd.com/film/frost-nixon/
2013-11-06,This Is the End,2013,http://letterboxd.com/film/this-is-the-end/
2013-11-06,Rush,2013,http://letterboxd.com/film/rush-2013/
2013-11-06,Prisoners,2013,http://letterboxd.com/film/prisoners/
2013-11-06,12 Years a Slave,2013,http://letterboxd.com/film/12-years-a-slave/
2013-11-06,Pacific Rim,2013,http://letterboxd.com/film/pacific-rim/
2013-11-06,Man of Steel,2013,http://letterboxd.com/film/man-of-steel/
2013-11-06,World War Z,2013,http://letterboxd.com/film/world-war-z/
2013-11-06,Iron Man 3,2013,http://letterboxd.com/film/iron-man-3/
2013-11-06,The Counselor,2013,http://letterboxd.com/film/the-counselor/
2013-11-06,Spring Breakers,2012,http://letterboxd.com/film/spring-breakers/
2013-11-06,Star Trek Into Darkness,2013,http://letterboxd.com/film/star-trek-into-darkness/
2013-11-06,Only God Forgives,2013,http://letterboxd.com/film/only-god-forgives/
2013-11-06,Zodiac,2007,http://letterboxd.com/film/zodiac/
2013-11-06,Upstream Color,2013,http://letterboxd.com/film/upstream-color/
2013-11-06,Short Term 12,2013,http://letterboxd.com/film/short-term-12-2013/
2013-11-06,Before Midnight,2013,http://letterboxd.com/film/before-midnight/
2013-11-06,Fruitvale Station,2013,http://letterboxd.com/film/fruitvale-station/
2013-11-06,Drinking Buddies,2013,http://letterboxd.com/film/drinking-buddies/
2013-11-06,The World's End,2013,http://letterboxd.com/film/the-worlds-end/
2013-11-06,Mud,2012,http://letterboxd.com/film/mud/
2013-11-06,Blue Jasmine,2013,http://letterboxd.com/film/blue-jasmine/
2013-11-06,Stories We Tell,2012,http://letterboxd.com/film/stories-we-tell/
2013-11-06,Toy Story 2,1999,http://letterboxd.com/film/toy-story-2/
2013-11-06,Ocean's Eleven,2001,http://letterboxd.com/film/oceans-eleven-2001/
2013-11-06,Insomnia,2002,http://letterboxd.com/film/insomnia-2002/
2013-11-06,The Departed,2006,http://letterboxd.com/film/the-departed/
2013-11-06,War of the Worlds,2005,http://letterboxd.com/film/war-of-the-worlds/
2013-11-06,Eyes Wide Shut,1999,http://letterboxd.com/film/eyes-wide-shut/
2013-11-06,The Big Lebowski,1998,http://letterboxd.com/film/the-big-lebowski/
2013-11-06,Hoop Dreams,1994,http://letterboxd.com/film/hoop-dreams/
2013-11-06,The Insider,1999,http://letterboxd.com/film/the-insider/
2013-11-06,Fargo,1996,http://letterboxd.com/film/fargo/
2013-11-06,Heat,1995,http://letterboxd.com/film/heat-1995/
2013-11-06,Rushmore,1998,http://letterboxd.com/film/rushmore/
2013-11-06,The Matrix,1999,http://letterboxd.com/film/the-matrix/
2013-11-06,"Synecdoche, New York",2008,http://letterboxd.com/film/synecdoche-new-york/
2013-11-06,Eternal Sunshine of the Spotless Mind,2004,http://letterboxd.com/film/eternal-sunshine-of-the-spotless-mind/
2013-11-06,Adaptation.,2002,http://letterboxd.com/film/adaptation/
2013-11-06,Confessions of a Dangerous Mind,2002,http://letterboxd.com/film/confessions-of-a-dangerous-mind/
2013-11-06,Jackie Brown,1997,http://letterboxd.com/film/jackie-brown/
2013-11-06,Kill Bill: Vol. 1,2003,http://letterboxd.com/film/kill-bill-vol-1/
2013-11-06,Django Unchained,2012,http://letterboxd.com/film/django-unchained/
2013-11-06,The Social Network,2010,http://letterboxd.com/film/the-social-network/
2013-11-06,Se7en,1995,http://letterboxd.com/film/se7en/
2013-11-06,The Game,1997,http://letterboxd.com/film/the-game/
2013-11-06,Fight Club,1999,http://letterboxd.com/film/fight-club/
2013-11-06,The Curious Case of Benjamin Button,2008,http://letterboxd.com/film/the-curious-case-of-benjamin-button/
2013-11-06,The Girl with the Dragon Tattoo,2011,http://letterboxd.com/film/the-girl-with-the-dragon-tattoo-2011/
2013-11-06,Panic Room,2002,http://letterboxd.com/film/panic-room/
2013-11-06,There Will Be Blood,2007,http://letterboxd.com/film/there-will-be-blood/
2013-11-06,The Master,2012,http://letterboxd.com/film/the-master-2012/
2013-11-06,Punch-Drunk Love,2002,http://letterboxd.com/film/punch-drunk-love/
2013-11-08,Promised Land,2012,http://letterboxd.com/film/promised-land-2012/
2013-11-08,The Way Way Back,2013,http://letterboxd.com/film/the-way-way-back/
2013-11-08,The Great Gatsby,2013,http://letterboxd.com/film/the-great-gatsby-2013/
2013-11-08,The Dark Knight,2008,http://letterboxd.com/film/the-dark-knight/
2013-11-08,Thor,2011,http://letterboxd.com/film/thor/
2013-11-08,Zero Dark Thirty,2012,http://letterboxd.com/film/zero-dark-thirty/
2013-11-08,The Dark Knight Rises,2012,http://letterboxd.com/film/the-dark-knight-rises/
2013-11-08,Princess Mononoke,1997,http://letterboxd.com/film/princess-mononoke/
2013-11-08,Shrek,2001,http://letterboxd.com/film/shrek/
2013-11-08,V for Vendetta,2005,http://letterboxd.com/film/v-for-vendetta/
2013-11-09,Another Earth,2011,http://letterboxd.com/film/another-earth/
2013-11-09,The Counterfeiters,2007,http://letterboxd.com/film/the-counterfeiters/
2013-11-09,Good Will Hunting,1997,http://letterboxd.com/film/good-will-hunting/
2013-11-09,Inception,2010,http://letterboxd.com/film/inception/
2013-11-10,Dallas Buyers Club,2013,http://letterboxd.com/film/dallas-buyers-club/
2013-11-11,Magic Mike,2012,http://letterboxd.com/film/magic-mike/
2013-11-17,Olympus Has Fallen,2013,http://letterboxd.com/film/olympus-has-fallen/
2013-11-22,Side Effects,2013,http://letterboxd.com/film/side-effects-2013/
2013-11-29,The King's Speech,2010,http://letterboxd.com/film/the-kings-speech/
2013-12-01,Oldboy,2013,http://letterboxd.com/film/oldboy-2013/
2013-12-01,Oldboy,2003,http://letterboxd.com/film/oldboy/
2013-12-08,Inside Llewyn Davis,2013,http://letterboxd.com/film/inside-llewyn-davis/
2013-12-10,The Wolverine,2013,http://letterboxd.com/film/the-wolverine/
2013-12-13,Ruby Sparks,2012,http://letterboxd.com/film/ruby-sparks/
2014-01-05,American Hustle,2013,http://letterboxd.com/film/american-hustle/
2014-01-05,Don Jon,2013,http://letterboxd.com/film/don-jon/
2014-01-05,The Past,2013,http://letterboxd.com/film/the-past/
2014-01-06,Her,2013,http://letterboxd.com/film/her/
2014-01-10,Leviathan,2012,http://letterboxd.com/film/leviathan-2012/
2014-01-12,The Spectacular Now,2013,http://letterboxd.com/film/the-spectacular-now/
2014-01-13,The Act of Killing,2012,http://letterboxd.com/film/the-act-of-killing/
2014-01-27,Museum Hours,2012,http://letterboxd.com/film/museum-hours/
2014-01-27,Mitt,2014,http://letterboxd.com/film/mitt/
2014-01-27,The Hunt,2012,http://letterboxd.com/film/the-hunt-2012/
2014-02-09,A Late Quartet,2012,http://letterboxd.com/film/a-late-quartet/
2014-02-10,Flawless,1999,http://letterboxd.com/film/flawless/
2014-03-09,Blue Is the Warmest Color,2013,http://letterboxd.com/film/blue-is-the-warmest-color/
2014-04-07,Noah,2014,http://letterboxd.com/film/noah/
2014-04-07,Captain America: The Winter Soldier,2014,http://letterboxd.com/film/captain-america-the-winter-soldier/
2014-05-27,Like Someone in Love,2012,http://letterboxd.com/film/like-someone-in-love/
2014-06-19,Obvious Child,2014,http://letterboxd.com/film/obvious-child/
2014-06-22,Palo Alto,2013,http://letterboxd.com/film/palo-alto/
2014-07-07,Blue Ruin,2013,http://letterboxd.com/film/blue-ruin/
2014-07-08,The Lego Movie,2014,http://letterboxd.com/film/the-lego-movie/
2014-07-11,Bernie,2011,http://letterboxd.com/film/bernie-2011/
2014-07-13,Boyhood,2014,http://letterboxd.com/film/boyhood/
2014-07-13,Omar,2013,http://letterboxd.com/film/omar/
2014-07-14,The Immigrant,2013,http://letterboxd.com/film/the-immigrant-2013/
2014-07-19,Sangre de mi sangre,2007,http://letterboxd.com/film/sangre-de-mi-sangre/
2014-07-22,Dawn of the Planet of the Apes,2014,http://letterboxd.com/film/dawn-of-the-planet-of-the-apes/
2014-07-23,The Comedy,2012,http://letterboxd.com/film/the-comedy/
2014-07-25,Slacker,1991,http://letterboxd.com/film/slacker/
2014-07-28,Wish I Was Here,2014,http://letterboxd.com/film/wish-i-was-here/
2014-08-04,Guardians of the Galaxy,2014,http://letterboxd.com/film/guardians-of-the-galaxy/
2014-08-04,Harold and Maude,1971,http://letterboxd.com/film/harold-and-maude/
2014-08-11,A Most Wanted Man,2014,http://letterboxd.com/film/a-most-wanted-man/
2014-08-11,It Felt Like Love,2013,http://letterboxd.com/film/it-felt-like-love/
2014-08-25,The One I Love,2014,http://letterboxd.com/film/the-one-i-love-2014/
2014-09-02,The Kid with a Bike,2011,http://letterboxd.com/film/the-kid-with-a-bike/
2014-09-04,Starred Up,2013,http://letterboxd.com/film/starred-up/
2014-09-08,The Congress,2013,http://letterboxd.com/film/the-congress-2013/
2014-09-08,Nymphomaniac: Vol. I,2013,http://letterboxd.com/film/nymphomaniac-vol-i/
2014-09-15,The Skeleton Twins,2014,http://letterboxd.com/film/the-skeleton-twins/
2014-09-15,28 Hotel Rooms,2012,http://letterboxd.com/film/28-hotel-rooms/
2014-09-16,Boogie Nights,1997,http://letterboxd.com/film/boogie-nights/
2014-09-19,Reservoir Dogs,1992,http://letterboxd.com/film/reservoir-dogs/
2014-10-04,Whiplash,2014,http://letterboxd.com/film/whiplash-2014/
2014-10-12,Gone Girl,2014,http://letterboxd.com/film/gone-girl/
2014-10-12,"Men, Women & Children",2014,http://letterboxd.com/film/men-women-children/
2014-10-14,Inherent Vice,2014,http://letterboxd.com/film/inherent-vice/
2014-10-19,Birdman,2014,http://letterboxd.com/film/birdman/
2014-10-28,Kill Bill: Vol. 2,2004,http://letterboxd.com/film/kill-bill-vol-2/
2014-11-02,Nightcrawler,2014,http://letterboxd.com/film/nightcrawler/
2014-11-11,Interstellar,2014,http://letterboxd.com/film/interstellar/
2014-12-07,Force Majeure,2014,http://letterboxd.com/film/force-majeure-2014/
2014-12-14,Top Five,2014,http://letterboxd.com/film/top-five/
2014-12-15,Citizenfour,2014,http://letterboxd.com/film/citizenfour/
2014-12-30,Only Lovers Left Alive,2013,http://letterboxd.com/film/only-lovers-left-alive/
2014-12-30,Life Itself,2014,http://letterboxd.com/film/life-itself/
2015-01-04,Selma,2014,http://letterboxd.com/film/selma/
2015-01-28,Frank,2014,http://letterboxd.com/film/frank-2014/
2015-01-28,Nebraska,2013,http://letterboxd.com/film/nebraska/
2015-02-01,Chinatown,1974,http://letterboxd.com/film/chinatown/
2015-02-04,Ida,2013,http://letterboxd.com/film/ida/
2015-02-04,Enemy,2013,http://letterboxd.com/film/enemy/
